Document Name,Page Number,Current Charges,Account Number 1,Account Number 2,Zipcode,Vendor Name,Due Date,Customer Address,Remittance address
SP Gahanna - Gas 07.28.22 to 08.26.22 - Columbia Gas of Ohio - 9.pdf,1,$ 41.18,,,43230-3091,,09/13/2022,Your Contact Information : Rd 5435 Morse Columbus OH 43230-3091,
SP Gahanna - Gas 07.28.22 to 08.26.22 - Columbia Gas of Ohio - 9.pdf,2,,21045496 003,,,,,,
SP Gahanna - Gas 07.28.22 to 08.26.22 - Columbia Gas of Ohio - 8.pdf,1,$ 44.92,21045496 004 000 0,,60197-4529,,09/13/2022,Your Contact Information : Morse 5435 Rd Columbus OH 45230-3091,Make check payable to : COLUMBIA GAS PO BOX 4629 CAROL STREAM IL 60197-4529 MaltMuhl
SP Gahanna - Gas 07.28.22 to 08.26.22 - Columbia Gas of Ohio - 8.pdf,2,,21045490 004 000 0,,,,,,
SP Gahanna - Gas 07.28.22 to 08.26.22 - Columbia Gas of Ohio - 7.pdf,1,$ 41.18,21045496 007 000 7,,60197-4629,,09/13/2022,Your Contact Information : 5435 Morse Rd Columbus OH 45230-3091,to Make check payable : COLUMBIA GAS PO BOX 4629 CAROL STREAM IL 60197-4629 Wal·lil | Pild¶¼lılı
SP Gahanna - Gas 07.28.22 to 08.26.22 - Columbia Gas of Ohio - 7.pdf,2,,21045496 007 000 7,,,,,,
SP Gahanna - Gas 07.28.22 to 08.26.22 - Columbia Gas of Ohio - 6.pdf,1,$ 42.42,21045496 008 000 6,,60197-4629,,09/13/2022,Your Contact Information : 5435 Morse Rd Columbus OH 43230-3091,Make check payable to : COLUMBIA GAS PO BOX 4629 CAROL STREAM IL 60197-4629
SP Gahanna - Gas 07.28.22 to 08.26.22 - Columbia Gas of Ohio - 6.pdf,2,,21045496 008 000 6,,,,,,
SP Gahanna - Gas 07.28.22 to 08.26.22 - Columbia Gas of Ohio - 5.pdf,1,$ 41.18,21045496 005 000 9,,00197-4629,,09/13/2022,Your Contact Information : Rd Morse 5455 Columbus OH 43230-3091,to Make check payable : COLUMBIA GAS KO PO BOX 4629 CAROL STREAM IL 00197-4629 WyılıbMaklu¶¼kh
SP Gahanna - Gas 07.28.22 to 08.26.22 - Columbia Gas of Ohio - 5.pdf,2,,21045496 005 000 9,,,,,,
SP Gahanna - Gas 07.28.22 to 08.26.22 - Columbia Gas of Ohio - 4.pdf,1,$ 42.42,21045496 006 000 8,,60197-4629,,09/13/2022,Your Contact Information : 5435 Morse Rd Columbus OH 43230-3091,Make check payable to : COLUMBIA GAS PO BOX 4629 CAROL STREAM IL 60197-4629 lakbullbltlılı #
SP Gahanna - Gas 07.28.22 to 08.26.22 - Columbia Gas of Ohio - 4.pdf,2,,21045496 006 000 8,,,,,,
SP Gahanna - Gas 07.28.22 to 08.26.22 - Columbia Gas of Ohio - 3.pdf,1,$ 42.42,21045496 010 000 2,,60197-4029,,09/13/2022,Your Contact Information : 5435 Rd Morse Columbus OH 43230-3091,Make check payable to : COLUMBIA GAS PO BOX 4629 CAROL STREAM IL 60197-4029 M4 | f4 | d4 | hlı
SP Gahanna - Gas 07.28.22 to 08.26.22 - Columbia Gas of Ohio - 3.pdf,2,,21045496 010 000 2,,,,,,
SP Gahanna - Gas 07.28.22 to 08.26.22 - Columbia Gas of Ohio - 2.pdf,1,$ 47.40,21045496 009 000 5,,60197-4629,,09/13/2022,Your Contact Information : 5455 Rd Morse Columbus OH 43230-3091,Make check payable to : COLUMBIA GAS PO BOX 4629 CAROL STREAM IL 60197-4629 # balbb full #
SP Gahanna - Gas 07.28.22 to 08.26.22 - Columbia Gas of Ohio - 2.pdf,2,,21045496 009 000 5,,,,,,
SP Pickerington - Gas - 06.16.22 to 07.18.22 - Columbia Gas of Ohio.pdf,1,$ 934.89,21045509 001 000 4,,60197-4629,,08/02/2022,"If paid after 08/02/22 , a late payment charge of 1.5 % may be applied to your utility balance . G For more information regarding these charges , see the Detail Charges section . Financial Support you are struggling to pay your bill we can help . Flexible payment plans are available to customers experiencing a financial hardship . Any customer who is having trouble paying his / her bill should visit ColumbiaGasOhio.com or call 1-800-344-4077 to learn about payment arrangements and / or financial assistance programs . We are required to include your name , address , and usage information on lists of eligible customers that are made available to retail natural gas suppliers or governmental aggregators . If you wish to be excluded from this list , call 1-800-344-4077 or write Columbia Gas of Ohio , P.O. Box 2318 , Columbus OH 43216-2318 , . Budget Payment Plan Remember winter heating bills ? Get a jump on next winter and spread the cost of heating more Just evenly over the pay . year $ 2,047.00 for your plus natural gas service , any charges for a security deposit , Optional Services , or Heat Share contribution instead of the amount due this month , and you'll be enrolled in the Budget Payment Plan automatically .",Make check payable to : COLUMBIA GAS PO BOX 4629 CAROL STREAM IL 60197-4629 WallPrbMMMMMMMMMkh
SP Pickerington - Gas - 06.16.22 to 07.18.22 - Columbia Gas of Ohio.pdf,2,,21045509 001 000 4,,43147-9867,,,Service Address : 611 Windmiller Dr Pickerington OH 43147-9867,
SP Medina - Gas - Columbia Gas of Ohio - 1.16.23 to 2.14.23.pdf,1,"$ 14,454.21",20916928 001 000 4,Paperless Billing,60197-4629,,03/02/2023,Your Contact Information : 122 Medina Rd edina OH 44256-9650,Make payable check to : COLUMBIA GAS PO BOX 4629 CAROL STREAM IL 60197-4629 Waduhaldhlühlaralıla
SP Medina - Gas - Columbia Gas of Ohio - 1.16.23 to 2.14.23.pdf,2,,20916928 001 000 4,,,,,,
SP Medina - Gas - Columbia Gas of Ohio - 1.16.23 to 2.14.23.pdf,3,,,,,,,,
SP Gahanna - Gas 07.28.22 to 08.26.22 - Columbia Gas of Ohio.pdf,1,"$ 1,448.83",21134608 001 000 6,,43250-5091,,09/13/2022,Your Contact Information : 5435 Morse Rd Gahanna OH 43250-5091,COLUMBIA GAS PO BOX 4629 CAROL STREAM IL 60197-4629 Wallahihlühla44bb
SP Gahanna - Gas 07.28.22 to 08.26.22 - Columbia Gas of Ohio.pdf,2,,21134608 001 000 0,,43230-3091,,,Service Address : 5435 Morse Rd Gahanna OH 43230-3091,
SP Avon Lake - Gas - Columbia Gas of Ohio - 1.19.23 to 02.17.23.pdf,1,"$ 1,728.05",19571176 001 000 9,Avon Lake OH 441012-2096,,,03/06/2023,,"Termination Notice Your account is past - due . To avoid disconnection of service at 341 Lear Rd , Avon Lake Oh 44012-2937 scheduled on or after March 7 , 2023 , you must pay $ 2,185.13 in full . off unless Please be aware that partial payments will not protect you from shut - , you arrange a payment To discuss eligibility of plan call plan with us in a advance . payment , 1-800-344-4077 , or visit ColumbiaGasOhio.com ."
SP Avon Lake - Gas - Columbia Gas of Ohio - 1.19.23 to 02.17.23.pdf,2,,19571176 001 000 9,,44012-2937,,,,Service Address : 341 Lear Rd Avon Lake OH 44012-2937
SP Avon Lake - Gas - Columbia Gas of Ohio - 1.19.23 to 02.17.23.pdf,3,,:,,60197-4629,,,,Make check payable to : COLUMBIA GAS PO BOX 4629 CAROL STREAM IL 60197-4629 | 4u | d4 Waluhyfl ||||||
SP Powell South - Gas - 07.27.22 to 08.25.22 - Columbia Gas of Ohio.pdf,1,"$ 1,100.28",21045504 001 000 4,,60197-4629,,09/12/2022,Your Contact Information : 10351 Sawmill Py Powell OH 43065-9053,Make check payable to : COLUMBIA GAS PO BOX 4629 CAROL STREAM IL 60197-4629 · 14¶¶lıkl44P || -
SP Powell South - Gas - 07.27.22 to 08.25.22 - Columbia Gas of Ohio.pdf,2,,21045504 001 000 4,,43065-9053,,,Service Address : 10351 Powell Sawmill 43065-9053 Py OH,
SP Powell North - Gas 07.07.22 to 08.08.22 - Columbia Gas of Ohio.pdf,1,"$ 1,045.42",21045501 001 000 0,:,60197-4629,,08/23/2022,Your Contact Information 3872 Attucks Dr Powell OH 43065-6164,Make check payable to : COLUMBIA GAS PO BOX 4629 CAROL STREAM IL 60197-4629 1¶¶¶¶tılıl¼þµ ||| · ||
SP Powell North - Gas 07.07.22 to 08.08.22 - Columbia Gas of Ohio.pdf,2,,21045501 001 000 0,,43065-6164,,,Service Address : 3872 Attucks Dr Powell OH 43065-6164,
Southwick - Water - Town of Southwick (46).pdf,1,,030 - CI - 1802P,,01077,Town of Southwick,11/17/2022,96121,"Town of Southwick 454 College Hwy MA 01077 Southwick ,"
Southwick - Water - Town of Southwick (45).pdf,1,,030 - CI - 802RR,,01077,Town of Southwick,11/17/2022,15000,"Town of Southwick 454 College Hwy , Southwick MA 01077"
Southwick - Water - Town of Southwick (44).pdf,1,,030 - CI - 802SS,,01077,Town of Southwick,11/17/2022,Water Usage by Tier Usage 15000 6829,"Town of Southwick 454 College Hwy Southwick , MA 01077"
Southwick - Water - Town of Southwick (43).pdf,1,$ 162.76,030 - CI - 802TT,,01077,Town of Southwick,11/17/2022,Water Usage by Tier Usage 15000 7838,"Town of Southwick 454 College Southwick Hwy , MA 01077"
Southwick - Water - Town of Southwick (42).pdf,1,$ 265.93,030 - CI - 802UU,,01077,Town of Southwick,11/17/2022,37216,"Town of Southwick 454 College Hwy , Southwick MA 01077"
Southwick - Water - Town of Southwick (41).pdf,1,$ 173.67,030 - CI - 802YY,,01077,Town of Southwick,11/17/2022,Water Usage by Tier Usage 15000 9386,"Town of Southwick 454 College Hwy Southwick , MA 01077"
Southwick - Water - Town of Southwick (40).pdf,1,,030 - CI - 80200,,80200,Town of Southwick,11/17/2022,Water Usage by Tier Usage 15000,"Town of Southwick 454 College Hwy Southwick , MA 01077"
Southwick - Water - Town of Southwick (39).pdf,1,,030 - CI - 802NN,,01077,Town of Southwick,11/17/2022,Water Usage by Tier Usage 15000 808,"Town of Southwick 454 College Hwy Southwick , MA 01077"
Southwick - Water - Town of Southwick (38).pdf,1,,030 - CI - 802ZZ,,01077,Town of Southwick,11/17/2022,Water Usage by Tier Usage 15000,"Town of Southwick 454 College Hwy Southwick , MA 01077"
Southwick - Water - Town of Southwick (37).pdf,1,,030 - CI - 802FF,,01077,Town of Southwick,11/17/2022,Water Usage by Tier Usage 15000,"Town of Southwick 454 College Hwy MA 01077 Southwick ,"
Southwick - Water - Town of Southwick (36).pdf,1,,030 - CI - 1802Q,,01077,Town of Southwick,11/17/2022,44730,"Town of Southwick 454 College Hwy MA Southwick , 01077"
Southwick - Water - Town of Southwick (35).pdf,1,,030 - CI - 1802R,,01077,Town of Southwick,11/17/2022,67542,"Town of Southwick 454 College Hwy Southwick , MA 01077"
Southwick - Water - Town of Southwick (34).pdf,1,,030 - CI - 1802T,,01077,Town of Southwick,11/17/2022,"SOUTHWICK CARE , LLC 802 COLLEGE HIGHWAY SOUTHWICK MA 01077","Town of Southwick 454 College Hwy MA 01077 Southwick ,"
Southwick - Water - Town of Southwick (33).pdf,1,,030 - CI - 1802X,,01077,Town of Southwick,11/17/2022,"SOUTHWICK CARE , LLC 802 COLLEGE HIGHWAY SOUTHWICK MA 01077","Town of Southwick 454 College Hwy MA 01077 Southwick ,"
Southwick - Water - Town of Southwick (32).pdf,1,,030 - CI - 1802Z,,01077,Town of Southwick,11/17/2002,Water Usage by Tier Usage 15000 440,"Town of Southwick 454 College Hwy Southwick , MA 01077"
Southwick - Water - Town of Southwick (31).pdf,1,,030 - CI - 802AA,,01077,Town of Southwick,11/17/2022,39180,"Town of Southwick 454 College Hwy MA 01077 Southwick ,"
Southwick - Water - Town of Southwick (30).pdf,1,$ 176.14,030 - CI - 802BB,,01077,Town of Southwick,11/17/2022,15000 9736,"Town of Southwick 454 College Hwy MA 01077 Southwick ,"
Southwick - Water - Town of Southwick (29).pdf,1,$ 147.49,030 - CI - 802CC,,01077,Town of Southwick,11/17/2022,15000 5672,"Town of Southwick 454 College Hwy MA 01077 Southwick ,"
Southwick - Water - Town of Southwick (28).pdf,1,"$ 1,083.99",030 - C1-802QQ,,01077,Town of Southwick,11/17/2022,"SOUTHWICK CARE , LLC 802 COLLEGE HIGHWAY SOUTHWICK MA 01077","Town of Southwick 454 College Hwy MA 01077 Southwick ,"
Southwick - Water - Town of Southwick (27).pdf,1,,030 - CI - 802EE,,01077,Town of Southwick,11/17/2022,Water Usage by Tier Usage 15000,"Town of Southwick 454 College Hwy Southwick , MA 01077"
Southwick - Water - Town of Southwick (26).pdf,1,,030 - CI - 802GG,,01077,Town of Southwick,11/17/2022,15000,"Town of Southwick 454 College Hwy MA 01077 Southwick ,"
Southwick - Water - Town of Southwick (25).pdf,1,,030 - CI - 802HH,,01077,Town of Southwick,11/17/2022,"SOUTHWICK CARE , LLC 802 COLLEGE HIGHWAY MA SOUTHWICK 01077","Town of Southwick 454 College Hwy , MA Southwick 01077"
Southwick - Water - Town of Southwick (24).pdf,1,,030 - CI - 80211,,80211,Town of Southwick,,44316,"Town of Southwick 454 College Hwy MA 01077 Southwick ,"
Southwick - Water - Town of Southwick (23).pdf,1,,030 - CI - 802JJ,,01077,Town of Southwick,11/17/2022,33261,"Town of Southwick 454 College Hwy Southwick , MA 01077"
Southwick - Water - Town of Southwick (22).pdf,1,,030 - CI - 802KK,,01077,Town of Southwick,11/17/2022,36452,"Town of Southwick 454 College Hwy Southwick , MA 01077"
Southwick - Water - Town of Southwick (21).pdf,1,,030 - CI - 802LL,,01077,Town of Southwick,11/17/2022,Water Usage by Tier Usage 15000 7078,"Town of Southwick 454 College Hwy MA 01077 Southwick ,"
Southwick - Water - Town of Southwick (20).pdf,1,,030 - CI - 802MM,,01077,Town of Southwick,11/17/2022,27406,"Town of Southwick 454 College Hwy , MA Southwick 01077"
Southwick - Water - Town of Southwick (19).pdf,1,,030 - CI - 802DD,,01077,Town of Southwick,11/17/2022,15000 9909,"Town of Southwick 454 College Hwy MA 01077 Southwick ,"
Southwick - Water - Town of Southwick (18).pdf,1,,030 - CI - 18020,,11004,Town of Southwick,11/17/2022,31254,"Town of Southwick 454 College Hwy Southwick , MA 01077"
Southwick - Water - Town of Southwick (17).pdf,1,,030 - CI - 1802F,,01077,Town of Southwick,11/17/2022,"SOUTHWICK CARE , LLC 802 COLLEGE HIGHWAY MA SOUTHWICK 01077","Town of Southwick 454 College Hwy , MA Southwick 01077"
Southwick - Water - Town of Southwick (16).pdf,1,,030 - CI - 01796,,01796,Town of Southwick,11/17/2022,28193,"Town of Southwick 454 College Hwy , MA Southwick 01077"
Southwick - Water - Town of Southwick (15).pdf,1,,030 - CI - 1796R,,01077,Town of Southwick,11/17/2022,30185,"Town of Southwick 454 College Hwy , Southwick MA 01077"
Southwick - Water - Town of Southwick (14).pdf,1,,030 - CI - 1802A,,01077,Town of Southwick,11/17/2022,15000,"Town of Southwick 454 College Hwy Southwick , MA 01077"
Southwick - Water - Town of Southwick (13).pdf,1,,030 - CI - 1802B,,01077,Town of Southwick,11/17/2022,"SOUTHWICK CARE , LLC 802 COLLEGE HIGHWAY SOUTHWICK MA 01077","Town of Southwick 454 College Hwy , Southwick MA 01077"
Southwick - Water - Town of Southwick (12).pdf,1,,030 - CI - 1802C,,01077,Town of Southwick,11/17/2022,30197,"Town of Southwick 454 College Hwy , Southwick MA 01077"
Southwick - Water - Town of Southwick (11).pdf,1,,030 - CI - 1802E,,01077,Town of Southwick,11/17/2022,15000 6786,"Town of Southwick 454 College Hwy Southwick , MA 01077"
Southwick - Water - Town of Southwick (10).pdf,1,,030 - CI - 1802G,,01077,Town of Southwick,11/17/2022,15000 2283,"Town of Southwick 454 College Hwy Southwick , MA 01077"
Southwick - Water - Town of Southwick (9).pdf,1,,030 - CI - 1802H,,01077,Town of Southwick,11/17/2022,"SOUTHWICK CARE , LLC 802 COLLEGE HIGHWAY SOUTHWICK MA 01077","Town of Southwick 454 College Hwy Southwick , MA 01077"
Southwick - Water - Town of Southwick (8).pdf,1,,030 - CI - 18021,,18021,Town of Southwick,11/17/2022,38467,"Town of Southwick 454 College Hwy Southwick , MA 01077"
Southwick - Water - Town of Southwick (7).pdf,1,,030 - CI - 1802J,,01077,Town of Southwick,11/17/2022,"SOUTHWICK CARE , LLC 802 COLLEGE HIGHWAY SOUTHWICK MA 01077","Town of Southwick 454 College Hwy Southwick , MA 01077"
Southwick - Water - Town of Southwick (6).pdf,1,,030 - CI - 1802K,,01077,Town of Southwick,11/17/2022,28715,"Town of Southwick 454 College Hwy , MA Southwick 01077"
Southwick - Water - Town of Southwick (5).pdf,1,$ 414.69,030 - CI - 1802L,,01077,Town of Southwick,11/17/2022,57594,"Town of Southwick 454 College Southwick Hwy , MA 01077"
Southwick - Water - Town of Southwick (4).pdf,1,$ 107.50,030 - CI - 1602M,,01077,Town of Southwick,11/17/2022,Water Usage by Tier Usage 15000,"Town of 454 Southwick Southwick College Hwy , MA 01077"
Southwick - Water - Town of Southwick (3).pdf,1,$ 996.57,030 - CI - 1802N,,01077,Town of Southwick,11/17/2022,"SOUTHWICK CARE , LLC 802 COLLEGE HIGHWAY SOUTHWICK MA 01077","Town of Southwick 454 Southwick College Hwy , MA 01077"
Southwick - Water - Town of Southwick (2).pdf,1,"$ 1,287.42",030 - CI - 1802D,,01077,Town of Southwick,11/17/2022,"SOUTHWICK CARE , 802 COLLEGE LLC HIGHWAY SOUTHWICK MA 01077","Town of Southwick 454 Southwick College Hwy , MA 01077"
Southwick - Water - Town of Southwick (1).pdf,1,"$ 42,475.26",030 - CI - 1802S,,01077,Town of Southwick,11/17/2022,"SOUTHWICK 802 CARE , COLLEGE LLC SOUTHWICK HIGHWAY MA 01077","Town of 454 Southwick Southwick College MA Hwy , 01077"
Senior Living Meadow Lane Electric 07.12.22 to 08.10.22 - DTE Energy.pdf,1,"$ 4,961.65",9100 276 7667 5,9100 276 7667 5,48413-9634,DTE,09/02/2022,"MEADOW LANE ASSISTED LIVING LLC 150 MEADOW LN MI 48413-9634 BAD AXE ,",
Senior Living Meadow Lane Electric 07.12.22 to 08.10.22 - DTE Energy.pdf,2,,,,48226-1221,,,,
Senior Living Whitehall Gas 06.22.22 to 07.21.22 - DTE Energy.pdf,1,$ 976 !,9200 161 5729 8,,49461-9656,DTE,,11578 1 SP 0.530 ** WHITE T047 * 2 * LAKE P00 * ASSISTED M07 ************** LIVING LLC SINGLE - PIEC 6827 WHITEHALL WHITEHALL RD MI 49461-9656 Wallahi |||||||||||||||,Mail Payments to : DTE Energy P.O. Box 740786 Cincinnati OH 45274-0786
Senior Living Whitehall Gas 06.22.22 to 07.21.22 - DTE Energy.pdf,2,,,,45274-0786,,,,
Shared Services Operations - Brighton - Electric - DTE Energy.pdf,1,"$ 1,559.95",9200 027 8304 0,9200 027 8304 0,48116-9458,OPS,12/12/2022,13070 1 AV 0.423 ** T048 * 1 * P02 * M11 ******* AUTO ** 5 - DIGIT 4811 CSIG HOLDING COMPANY LLC STE 200 7927 NEMCO WAY BRIGHTON MI 48116-9458 |||||||| || - Malak | -,
Shared Services Operations - Brighton - Electric - DTE Energy.pdf,2,,,,,,,,
SP Ann Arbor - Electric & Gas 08.18.22 to 09.19.22 - DTE Energy.pdf,1,"$ 23,392.93",9100 381 3266 8,9100 381 3266 8,48176-9832,DTE,10/12/2022,9210 1 AV 0.423 ** T036 * 1 * P01 * M09 ******* AUTO ** 5 - DIGIT 48176 SENIOR LIVING ANN ARBOR 6230 STATE RD SALINE MI 48176-9832 ||||||||||||| W,
SP Ann Arbor - Electric & Gas 08.18.22 to 09.19.22 - DTE Energy.pdf,2,,,,48226-1221,,,,
SP Chesterfield - Electric 08.02.22 to 08.31.22 - DTE Energy.pdf,1,"$ 14,750.37",9200 092 3979 8,,48116-9458,DTE,09/23/2022,19786 1 AB 0.458T078 ° 2 P02 * M09 **** AUTO ** ALL FOR AADC 48 SENIOR LIVING CHESTERFIELD LLC STE 200 7927 NEMCO WAY BRIGHTON MI 48116-9458 ||||||||||||||||||,
SP Chesterfield - Electric 08.02.22 to 08.31.22 - DTE Energy.pdf,2,,,,48226-1221,,,,
SP Rockford - Gas 08.04.22 to 09.02.22 - DTE Energy.pdf,1,September 28,9100 370 4752 9,9100 370 4752 9,49341-9177,DTE,09/28/2022,53042 1 AV 0.423 ** SENIOR T189 * 2 * P00 * LIVING M09 AUTO *** SCH ** ROCKFORD 5 - LLC DIGIT 4931 2885 10 MILE RD NE ROCKFORD MI 49341-9177 r | | | ==== l us u | |||||||||||||||||||||,Mail Payments to : DTE Energy P.O. Box 740786 Cincinnati OH 45274-0786
SP Rockford - Gas 08.04.22 to 09.02.22 - DTE Energy.pdf,2,,,,48226-1221,,,,
Senior Living Whitehall Gas 06.22.22 to 07.21.22 - DTE Energy (3).pdf,1,$ 613,9100 336 5090 4,,49461-9656,DTE,,11578 1 SP WHITE 0.530 T047 ** * 2 * LAKE P00 * ASSISTED M07 ************** LIVING LLC SINGLE - PIEC 6827 WHITEHALL RD WHITEHALL MI 49461-9656 եջբոլցինեցիլնելեղեկաց,Mail Payments to . DTE 6237028 6013 Energy P.O. Box 740786 7.29.27 am Cincinnati OH 45274-0786
Senior Living Whitehall Gas 06.22.22 to 07.21.22 - DTE Energy (3).pdf,2,,,,45274-0786,,,,
Senior Living Whitehall Gas 06.22.22 to 07.21.22 - DTE Energy (2).pdf,1,,9200 161 5728 0,,49461-9656,DTE,,,
Senior Living Whitehall Gas 06.22.22 to 07.21.22 - DTE Energy (2).pdf,2,,,,48226-1221,,,,
Senior Living Stonegate Electric 07.23.22 to 08.22.22 - DTE Energy.pdf,1,"$ 4,368.39",9100 278 0103 4,,48471-1081,DTE,09/15/2022,80747 1 AV 0.423 ** T282 * 2 * P06 * M08 *** AUTO ** SCH 5 - DIGIT 4847 STONEGATE VILLAGE ASSISTED LIVING LLC 70 W ARGYLE ST SANDUSKY MI 48471-1081 637030 | - 4P ||||||||||||| DL,
Senior Living Stonegate Electric 07.23.22 to 08.22.22 - DTE Energy.pdf,2,,,,48226-1221,,,,
Senior Living Hathaway Hills Gas 08.02.22 to 09.01.22 - DTE Energy.pdf,1,$ 436.27,9100 398 5074 8,9100 398 5074 8,48838-3577,DTE,09/23/2022,"HATHAWAY HILLS ASSISTED LIVING LLC 1515 MEIJER DR GREENVILLE , MI 48838-3577",
Senior Living Hathaway Hills Gas 08.02.22 to 09.01.22 - DTE Energy.pdf,2,,,,48226-1221,,,,
Senior Living Devonshire Electric 07.28.22 to 08.26.22 - DTE Energy.pdf,1,"$ 3,379.64",9100 244 1686 9,9100 244 1685 9,49512-2065,DTE,09/20/2022,1361 SP 0.530 T001 * 1 * P00 M08 ************** SINGLE - PIECE DEVONSHIRE RETIREMENT VILLAGE LLC STE 200 3106 KRAFT AVE SE GRAND RAPIDS MI 49512-2065 / | ol | fllaghlapus Turkklppkallale shef ],
Senior Living Devonshire Electric 07.28.22 to 08.26.22 - DTE Energy.pdf,2,,,,48226-1221,,,,
Senior Living Devonshire Electric 07.28.22 to 08.26.22 - DTE Energy - 26.pdf,1,$ 49.74,9100 244 1935 0,,49512-2065,DTE,,136 1 SP 0.530 * T001 * 1 * P00 * M08 ************** SINGLE - PIECE DEVONSHIRE RETIREMENT VILLAGE LLC STE 200 3196 KRAFT AVE SE GRAND RAPIDS MI 49512-2065 T - [ plp : || Parkulbedalfcho ohyllimphlepnoy | e,Mail Payments to : DTE Energy P.O. Box 740786 OH Cincinnati 45274-0786
Senior Living Devonshire Electric 07.28.22 to 08.26.22 - DTE Energy - 26.pdf,2,,,,48226-1221,,,,
Senior Living Devonshire Electric 07.28.22 to 08.26.22 - DTE Energy - 17.pdf,1,,9100 244 1721 4,,49512-2065,DTE,,136 1 SP 0.530T001 * 1 * P00 * M08 ************** SINGLE - PIECE DEVONSHIRE RETIREMENT VILLAGE LLC STE 200 3196 KRAFT AVE SE GRAND RAPIDS MI 49512-2065 yakumulMedelalofopoffapillophoalpogle,Mail Payments to : DTE Energy P.O. Box 740786 OH Cincinnati 45274-0786
Senior Living Devonshire Electric 07.28.22 to 08.26.22 - DTE Energy - 17.pdf,2,,,,48226-1221,,,,
Senior Living Devonshire Electric 07.28.22 to 08.26.22 - DTE Energy - 25.pdf,1,:,,,49512-2065,DTE,,,
Senior Living Devonshire Electric 07.28.22 to 08.26.22 - DTE Energy - 25.pdf,2,,,,48226-1221,,,,
Senior Living Devonshire Electric 07.28.22 to 08.26.22 - DTE Energy - 24.pdf,1,$ 47.47,9100 244 1958 2,,49512-2065,DTE,,136 1 SP 0.530T001 * 1 * P00 * M08 * *********** SINGLE - PIECE DEVONSHIRE RETIREMENT VILLAGE LLC STE 200 3106 KRAFT AVE SE GRAND RAPIDS MI 49512-2065 [ dpof | ch | T4MWlkpphilida qhdehpayfe,Mail Payments to : DTE Energy P.O. Box 740786 Ol | Cincinnati 45274-0786
Senior Living Devonshire Electric 07.28.22 to 08.26.22 - DTE Energy - 24.pdf,2,,,,48226-1221,,,,
Senior Living Devonshire Electric 07.28.22 to 08.26.22 - DTE Energy - 23.pdf,1,,9100 244 1710 7,9100 244 1710 7,49512-2065,DTE,,1361 SP 0.530 ** T001 * 1 * P00 * M08 ************** SINGLE - PIECE DEVONSHIRE RETIREMENT VILLAGE LLC STE 200 3190 KRAFT AVE SE GRAND RAPIDS MI 49512-2065 [ lld ] | dp ||| TAMMqJ #hylllpool,Mail Payments to : DTE Energy P.O. Box 740786 Cincinnati OH 45274-0786
Senior Living Devonshire Electric 07.28.22 to 08.26.22 - DTE Energy - 23.pdf,2,,,,48226-1221,,,,
Senior Living Devonshire Electric 07.28.22 to 08.26.22 - DTE Energy - 22.pdf,1,,9100 244 1893 1,,49512-2065,DTE,,*** SINGLE PIECE T001 1 * POO * M08 * 136 1 SP 0.530 - DEVONSHIRE RETIREMENT VILLAGE LLC STE 200 3190 KRAFT AVE SE GRAND RAPIDS MI 49512-2065 TafurMuidedldkalajaho || p4 | aqlıldpory ),Mail Payments to : DTE Energy P.O. Box 740786 Cincinnati OH 45274-0786
Senior Living Devonshire Electric 07.28.22 to 08.26.22 - DTE Energy - 22.pdf,2,,,,48226-1221,,,,
Senior Living Devonshire Electric 07.28.22 to 08.26.22 - DTE Energy - 21.pdf,1,,9100 244 1904 6,9100 244 1904 6,49512-2065,DTE,,136 1 SP 0.530 T001 * 1 * P00 * M08 ************** SINGLE - PIECE DEVONSHIRE RETIREMENT VILLAGE LLC STE 200 3196 KRAFT AVE SE GRAND RAPIDS MI 49512-2065 | Tylmalerlalalafelpo fehlikapletalprugh,Mail Payments : to DTE Energy P.O. Box 740786 OH Cincinnati 45274-0786
Senior Living Devonshire Electric 07.28.22 to 08.26.22 - DTE Energy - 21.pdf,2,,,,48226-1221,,,,
Senior Living Devonshire Electric 07.28.22 to 08.26.22 - DTE Energy - 20.pdf,1,,9100 244 1927 7,,49512-2065,DTE,,3196 KRAFT AVE SE GRAND RAPIDS MI 49512-2065,Mail Payments to DTE Energy P.O. Box 740786 Cincinnati OH 45274-0786
Senior Living Devonshire Electric 07.28.22 to 08.26.22 - DTE Energy - 20.pdf,2,,,,48226-1221,,,,
Senior Living Devonshire Electric 07.28.22 to 08.26.22 - DTE Energy - 19.pdf,1,,9200 029 6670 2,,49512-2065,DTE,,136 1 SP 0.530 ** T001 * 1 * P00 * M08 ************** SINGLE - PIECE DEVONSHIRE RETIREMENT VILLAGE LLC STE 200 3196 KRAFT AVE SE GRAND RAPIDS MI 49512-2065 || Pmy4Fullerfolellalofotpo e4pflingledalpsryb,Mail Payments to : DTE Energy P.O. Box 740786 Cincinnati OH 45274-0786
Senior Living Devonshire Electric 07.28.22 to 08.26.22 - DTE Energy - 19.pdf,2,,,,48226-1221,,,,
Senior Living Devonshire Electric 07.28.22 to 08.26.22 - DTE Energy - 18.pdf,1,,9100 244 1915 2,9100 244 1915 2,49512-2065,DTE,,136 1 SP 0.530 ** T001 * 1 * P00 M08 ************** SINGLE - PIECE DEVONSHIRE RETIREMENT VILLAGE LLC STE 200 3196 KRAFT AVE SE GRAND RAPIDS MI 49512-2065 | dp |||||| TilmerHulplillb qliddpoub,Mail Payments to : DTE Energy P.O. Box 740786 Cincinnati OH 45274-0788
Senior Living Devonshire Electric 07.28.22 to 08.26.22 - DTE Energy - 18.pdf,2,,,,48226-1221,,,,
Senior Living Devonshire Electric 07.28.22 to 08.26.22 - DTE Energy - 16.pdf,1,,9100 244 1730 5,9100 244 1730 5,49512-2065,DTE,,T001 1 P00 M08 *** 136 1 SP 0.530 ******* SINGLE - PIECE DEVONSHIRE RETIREMENT VILLAGE LLC STE 200 3196 KRAFT AVE SE GRAND RAPIDS MI 49512-2065 q4 | m³ | ] op [ [ dp / uplalequoq H4lbpjdhfkcho | 1,Mail Payments to : DTE Energy P.O. Box 740786 OH Cincinnati 45274-0786
Senior Living Devonshire Electric 07.28.22 to 08.26.22 - DTE Energy - 16.pdf,2,,,,48226-1221,,,,
Senior Living Devonshire Electric 07.28.22 to 08.26.22 - DTE Energy - 15.pdf,1,,9100 244 1741 2,,49512-2065,DTE,,136 1 SP 0.530 * T001 * 1 * P00 * M08 ************** SINGLE - PIECE DEVONSHIRE RETIREMENT VILLAGE LLC STE 200 3196 KRAFT AVE SE GRAND RAPIDS MI 49512-2065 44Mmr | | [ sho || i4 | wl plafkdx illaghalalpıy / r,Mail Payments to : DTE Energy P.O. Box 740786 OH Cincinnati 45274-0786
Senior Living Devonshire Electric 07.28.22 to 08.26.22 - DTE Energy - 15.pdf,2,,,,48226-1221,,,,
Senior Living Devonshire Electric 07.28.22 to 08.26.22 - DTE Energy - 14.pdf,1,,9100 244 1753 7,,49512-2065,DTE,,136 1 SP 0.530T001 * 1 * P00 * M08 ************** SINGLE - PIECE DEVONSHIRE RETIREMENT VILLAGE LLC STE 200 3196 KRAFT AVE SE GRAND RAPIDS MI 49512-2065,Mail Payments to : DTE Energy P.O. Box 740786 OH Cincinnati 45274-0786
Senior Living Devonshire Electric 07.28.22 to 08.26.22 - DTE Energy - 14.pdf,2,,,,48226-1221,,,,
Senior Living Devonshire Electric 07.28.22 to 08.26.22 - DTE Energy - 13.pdf,1,,9100 244 1765 1,,49512-2065,DTE,,136 1 SP 0.530 ** T001 ***** SINGLE PIECE * 1 * P0O0 * M08 * - DEVONSHIRE RETIREMENT VILLAGE LLC STE 200 3190 KRAFT AVE SE GRAND RAPIDS MI 49512-2065 / shpe || 04 | oy | lalalpoo Talduidelillede ),Mail Payments to : DTE Energy P.O. Box 740786 Cincinnati OH 45274-0786
Senior Living Devonshire Electric 07.28.22 to 08.26.22 - DTE Energy - 13.pdf,2,,,,48226-1221,,,,
Senior Living Devonshire Electric 07.28.22 to 08.26.22 - DTE Energy - 12.pdf,1,,9100 244 1773 5,9100 244 1773 5,49512-2065,DTE,,136 1 SP 0.530 T001 * 1 * P00¹M08 ************** SINGLE - PIECE DEVONSHIRE RETIREMENT VILLAGE LLC STE 200 3196 KRAFT AVE SE GRAND RAPIDS MI 49512-2065 Turkallah | c4 |||| sh | Maqlıldpruß,Mail Payments to : DTE Energy 786 P.O.Box Cincinnati OH 45274-0786
Senior Living Devonshire Electric 07.28.22 to 08.26.22 - DTE Energy - 12.pdf,2,,,,48226-1221,,,,
Senior Living Devonshire Electric 07.28.22 to 08.26.22 - DTE Energy - 11.pdf,1,,9100 244 1783 4,,49512-2065,DTE,,,
Senior Living Devonshire Electric 07.28.22 to 08.26.22 - DTE Energy - 11.pdf,2,,,,48226-1221,,,,
Senior Living Devonshire Electric 07.28.22 to 08.26.22 - DTE Energy - 10.pdf,1,,9100 244 1791 7,,49512-2065,DTE,,GRAND RAPIDS MI 49512-2065,Mall Payments to : DTE Energy P.O. Box 740786 OH Cincinnati 45274-0786
Senior Living Devonshire Electric 07.28.22 to 08.26.22 - DTE Energy - 10.pdf,2,,,,48226-1221,,,,
Senior Living Devonshire Electric 07.28.22 to 08.26.22 - DTE Energy - 9.pdf,1,,9100 244 1005 5,9100 244 1805 5,49512-2065,DTE,,GRAND RAPIDS MI 49512-2065,Mail Payments : to DTE Energy P.O. Box 740786 OH Cincinnati 45274-0786
Senior Living Devonshire Electric 07.28.22 to 08.26.22 - DTE Energy - 9.pdf,2,,,,,,,,
Senior Living Devonshire Electric 07.28.22 to 08.26.22 - DTE Energy - 8.pdf,1,,9100 244 1817 0,,49512-2065,DTE,,3196 KRAFT AVE SE GRAND RAPIDS MI 49512-2065,
Senior Living Devonshire Electric 07.28.22 to 08.26.22 - DTE Energy - 8.pdf,2,,,,48226-1221,,,,
Senior Living Devonshire Electric 07.28.22 to 08.26.22 - DTE Energy - 7.pdf,1,,9100 244 1020 7,9700 244 1828 7,49512-2065,DTE,,"T001 1 P00 * M08 "" 136 1 SP 0.530 *** SINGLE - PIECE DEVONSHIRE RETIREMENT VILLAGE LLC STE 200 3196 KRAFT AVE SE GRAND RAPIDS MI 49512-2065",Mail Payments to : DTE Energy P.O. Box 740786 OH Cincinnati 45274-0786
Senior Living Devonshire Electric 07.28.22 to 08.26.22 - DTE Energy - 7.pdf,2,,,,48226-1221,,,,
Senior Living Devonshire Electric 07.28.22 to 08.26.22 - DTE Energy - 6.pdf,1,,9100 244 1839 4,,49512-2065,DTE,,136 1 SP 0.530 ** T001 * 1 * P00 * M08 ************** SINGLE - PIECE DEVONSHIRE RETIREMENT VILLAGE LLC STE 200 319G KRAFT AVE SE GRAND RAPIDS MI 49512-2065,Mail Payments to : DTE Energy P.O. Box 740786 Cincinnati OH 45274-0786
Senior Living Devonshire Electric 07.28.22 to 08.26.22 - DTE Energy - 6.pdf,2,,,,48226-1221,,,,
Senior Living Devonshire Electric 07.28.22 to 08.26.22 - DTE Energy - 5.pdf,1,,9100 244 1847 7,9100 244 1847 7,49512-2065,DTE,,GRAND RAPIDS MI 49512-2065,
Senior Living Devonshire Electric 07.28.22 to 08.26.22 - DTE Energy - 5.pdf,2,,,,48226-1221,,,,
Senior Living Devonshire Electric 07.28.22 to 08.26.22 - DTE Energy - 4.pdf,1,,0100 244 1857 6,9100 244 1857 6,49512-2065,DTE,,GRAND RAPIDS MI 49512-2065,Mail Payments to : DTE Energy P.O. Box 740786 OH Cincinnati 45274-0786
Senior Living Devonshire Electric 07.28.22 to 08.26.22 - DTE Energy - 4.pdf,2,,,,48226-1221,,,,
Senior Living Devonshire Electric 07.28.22 to 08.26.22 - DTE Energy - 3.pdf,1,,9100 244 1869 1,,49512-2065,DTE,,136 1 SP 0.530 ** T001 * 1 * POO MOS ************** SINGLE - PIECE DEVONSHIRE RETIREMENT VILLAGE LLC STE 200 3196 KRAFT AVE SE GRAND RAPIDS MI 49512-2065 yaylartudMrbolade | d4yo || o1y | khaplololpassp | s |,Mail Payments to : DTE Energy P.O. Box 740786 OH Cincinnati 45274-0786
Senior Living Devonshire Electric 07.28.22 to 08.26.22 - DTE Energy - 3.pdf,2,,,,48226-1221,,,,
Senior Living Devonshire Electric 07.28.22 to 08.26.22 - DTE Energy - 2.pdf,1,,9100 244 1884 0,9100 244 1884 0,49512-2065,DTE,,136 1 SP 0.530 ** T001 * 1 * P00 * M08 ************** SINGLE - PIECE DEVONSHIRE RETIREMENT VILLAGE LLC STE 200 3196 KRAFT AVE SE GRAND RAPIDS MI 49512-2065,Mail Payments to : DTE Energy P.O. Box 740786 Cincinnati OH 45274-0786
Senior Living Devonshire Electric 07.28.22 to 08.26.22 - DTE Energy - 2.pdf,2,,,,,,,,
Senior Living Boulder Creek Gas 07.12.22 to 08.09.22 - DTE Energy.pdf,1,,,,45541-9244,FOR,,POD WIDE 111551 AB 0.45BT046 BOULDER CREEK LEISURE LIMING 6070 INCRTHLAND DR NE ROCKFORD WIL 45541-9244,
Senior Living Boulder Creek Gas 07.12.22 to 08.09.22 - DTE Energy.pdf,2,,,,45274-0786,,,,
Oak Tree White Lake - Electric - DTE Energy (8).pdf,1,$ 35.38,9200 288 9648 7,,48386-4530,SCH,01/03/2023,34862 1 AV 0.423 ** T124 * 2 * P03 * M12 *** AUTO ** SCH 5 - DIGIT 4838 OAK TREE WHITE LAKE OFC OFC 935 UNION LAKE RD WHITE LAKE MI 48386-4530 WWdpb MOUWM - Phone for with code Scan payment quick and secure process !,
Oak Tree White Lake - Electric - DTE Energy (8).pdf,2,,,,48226-1221,,,,
Oak Tree White Lake - Electric - DTE Energy (4).pdf,1,$ 77.09,9200 288 9651 1,9200 288 9651 1,48386-4530,SCH,01/03/2023,34863 1 AV 0.423 ** T124 * 2 * P03 * M12 *** AUTO ** SCH 5 - DIGIT 4838 OAK TREE WHITE LAKE OFC OFC 935 UNION LAKE RD WHITE LAKE MI 48386-4530 ավակյալելուլիկլեիլի for Phone with code Scan quick and secure payment process !,
Oak Tree White Lake - Electric - DTE Energy (4).pdf,2,,,,48226-1221,,,,
Oak Tree White Lake - Electric - DTE Energy (7).pdf,1,$ 48.08,9200 288 9647 9,9200 288 9647 9,48386-4530,SCH,01/03/2023,34862 1 AV 0.423 ** T124 * 2 * P03 * M12 *** AUTO ** SCH 5 - DIGIT 4838 OAK TREE WHITE LAKE OFC OFC 935 UNION LAKE RD WHITE LAKE MI 48386-4530 MW- ||||||| 4p | Phone for with code Scan quick and secure payment process !,
Oak Tree White Lake - Electric - DTE Energy (7).pdf,2,,,,48226-1221,,,,
Oak Tree White Lake - Electric - DTE Energy (6).pdf,1,$ 58.41,9200 288 9646 1,,48386-4530,SCH,01/03/2023,34862 1 AV 0.423 ** T124 * 2 * P03 * M12 *** AUTO ** SCH 5 - DIGIT 4838 OAK TREE WHITE LAKE OFC OFC 935 UNION LAKE RD WHITE LAKE MI 48386-4530 MÜÜWWHW |||||||||| for Phone with code Scan payment and quick secure process !,
Oak Tree White Lake - Electric - DTE Energy (6).pdf,2,,,,48226-1221,,,,
Oak Tree White Lake - Electric - DTE Energy (5).pdf,1,$ 35.52,9200 288 9652 9,9200 288 9652 9,48386-4530,SCH,01/03/2023,34863 1 AV 0.423 ** T124 * 2 * P03 * M12 *** AUTO ** SCH 5 - DIGIT 4838 OAK TREE WHITE LAKE OFC OFC 935 UNION LAKE RD WHITE LAKE MI 48386-4530 wwwdddd4 | ly | dy |||||||||| Phone for with Scan code quick and secure payment process !,
Oak Tree White Lake - Electric - DTE Energy (5).pdf,2,,,,48226-1221,,,,
Oak Tree White Lake - Electric - DTE Energy (3).pdf,1,$ 36.05,9200 288 9650 3,9200 288 9650 3,48386-4530,SCH,01/03/2023,34863 1 AV 0.423 ** T124 * 2 * P03 * M12 *** AUTO ** SCH 5 - DIGIT 4838 OAK TREE WHITE LAKE OFC OFC 935 UNION LAKE RD WHITE LAKE MI 48386-4530 ավացյալիլեիտելի Phone for code with Scan payment quick secure and process !,
Oak Tree White Lake - Electric - DTE Energy (3).pdf,2,,,,48226-1221,,,,
Oak Tree White Lake - Electric - DTE Energy (2).pdf,1,$ 5.38,9200 236 4253 0,9200 236 4253 0,48386-4530,DEC,01/03/2023,935 UNION LAKE RD WHITE LAKE MI 48386-4530 եկեցիկլեեեելեվոր,
Oak Tree White Lake - Electric - DTE Energy (2).pdf,2,,,,48226-1221,,,,
Oak Tree White Lake - Electric - DTE Energy (1).pdf,1,,9300 020 9293 8,9300 020 9293 8,48386-4530,CIR,,96 1 SP 0.530 ** T001 * 1 * P00 * M12 ************** SINGLE - PIECE WHITE LAKE VILLAGE LLC OFC 935 UNION LAKE RD WHITE LAKE MI 48386-4530 Սիլիկեիլեեեեելոլեկ,
Oak Tree White Lake - Electric - DTE Energy (1).pdf,2,,,,48226-1221,,,,
Ludington Woods Retirement Village Gas 08.03.22 to 09.02.22 - DTE Energy.pdf,1,$ 527.51,9100 225 4276 5,9100 225 4276 5,49431-1989,,09/27/2022,"REENDERS INC LUDINGTON RETIREMENT VILLAGE 502 N SHERMAN ST MI 49431-1989 LUDINGTON ,",
Ludington Woods Retirement Village Gas 08.03.22 to 09.02.22 - DTE Energy.pdf,2,,,,48226-1221,,,,
Lakeview Terrace Assisted Living Gas 08.10.22 to 09.02.22 - DTE Energy.pdf,1,$ 509.21,9100 355 5436 9,9100 355 5436 9,48850-9167,DTE,09/30/2022,"LAKEVIEW TERRACE ASSISTED LIVING LLC 9494 PADEN RD MI 48850-9167 LAKEVIEW ,",
Lakeview Terrace Assisted Living Gas 08.10.22 to 09.02.22 - DTE Energy.pdf,2,,,,48226-1221,,,,
IV White Lake - Electric 07.12.22 to 08.10.22 - DTE Energy.pdf,1,,9100 083 9091 6,9100 083 9091 6,48386-4530,AUG,,34944 1 AV 0.423 ** T126 * 2 * AUTO ** SCH DIGIT 4838 P03 M08 5 - OAK TREE WHITE LAKE OFC OFC 935 UNION LAKE RD WHITE LAKE MI 48386-4530 | 64 ||| ¶¼n4lllided HUW4 Phone for with Scan code and quick secure payment process !,Mail Payments to : DTE Energy P.O. Box 740786 Cincinnati OH 45274-0786
IV White Lake - Electric 07.12.22 to 08.10.22 - DTE Energy.pdf,2,,,,48226-1221,,,,
IV Plymouth - Electric 08.17.22 to 09.16.22 - DTE Energy.pdf,1,,9100 376 5045 4,,48170-6064,DTE,,19631 1 AV 0.423 ** T072 * 2 * P02 * M09 ******* AUTO ** 5 - DIGIT 4817 SENIOR LIVING PLYMOUTH LLC DBA IV PLYMOUTH OFC 14707 NORTHVILLE RD PLYMOUTH MI 48170-6064 - // L 4 / ¶ / 44 /,Mail Payments to : DTE Energy P.O. Box 740786 Cincinnati OH 45274-0786
IV Plymouth - Electric 08.17.22 to 09.16.22 - DTE Energy.pdf,2,,,,48226-1221,,,,
IV Plymouth - Electric - DTE Energy (2).pdf,1,,,,48170-6064,DTE,,PLYMOUTH INDEPENDENT VILLAGE P.M. ONE OFC 14707 NORTHVILLE RD PLYMOUTH MI 48170-6064,Mail Payments to : DTE Energy P.O. Box 740786 Cincinnati OH 45274-0786
IV Plymouth - Electric - DTE Energy (2).pdf,2,,,,,,,,
IV Plymouth - Electric - DTE Energy (2).pdf,3,,,,,,,,
IV Plymouth - Electric - DTE Energy (2).pdf,4,,,,,,,,
IV Petosky - Gas 08.16.22 to 09.13.22 - DTE Energy.pdf,1,,9100 383 8770 0,9100 383 8770 0,49770-8784,SCH,,63003 1 AV 0.423 ** T219 * 2 * P00 * M09 *** AUTO ** SCH 5 - DIGIT 4972 SENIOR LIVING PETOSKEY LLC IV PETOSKEY OFFICE 965 HAGER DR PETOSKEY MI 49770-8784 M |||||||||||||,Mail Payments to : DTE Energy P.O. Box 740786 OH Cincinnati 45274-0786
IV Petosky - Gas 08.16.22 to 09.13.22 - DTE Energy.pdf,2,,,,48226-1221,,,,
IV Oxford (Waterston) - Electric 08.10.22 to 09.08.22 - DTE Energy.pdf,1,,9100 376 4954 8,9100 376 4954 8,48371-3578,DBA,,33644 1 AV 0.423 ** T119 * 2 * P03 * M09 *** AUTO ** SCH 5 - DIGIT 4837 SENIOR LIVING WATERSTONE LLC DBA IVWATERSTONE 701 MARKET ST OXFORD MI 48371-3578 |||| M4 | ku | yılıbık,Payments to Mail : DTE Energy P.O. Box 740786 Cincinnati OH 45274-0786
IV Oxford (Waterston) - Electric 08.10.22 to 09.08.22 - DTE Energy.pdf,2,,,,48226-1221,,,,
IV Brighton Valley - Electric 08.18.22 to 09.19.22 - DTE Energy.pdf,1,"$ 2,130.95",9200 148 1551 7,9200 148 1551 7,48116-9442,DTE,10/12/2022,6371 1 AV 0.423 ** T026 * 1 * P01 M09 ******* AUTO ** 5 - DIGIT 48116 BRIGHTON OPCO LLC 7700 NEMCO WAY BRIGHTON MI 48116-9442 +4 |||| ll | 4q | re | ³ + ] 4 |||||||||| r4bybdq,
IV Brighton Valley - Electric 08.18.22 to 09.19.22 - DTE Energy.pdf,2,,,,48226-1221,,,,
IV Brighton Valley - Electric 08.18.22 to 09.19.22 - DTE Energy (2).pdf,1,"$ 4,093.88",9200 148 1548 3,,48116-9442,SEP,,"MULTIPLE Account Number 9200 148 1548 3 PAYMENT COUPONS ENCLOSED Withdrawal Date : VE October 12 , 2022 Withdrawal Amount : $ 4,093.88 6371 1 AV 0.423 ** T026 * 1 P01 M09 ******* AUTO ** 5 - DIGIT 48116 BRIGHTON OPCO LLC SEP 2 4 2022 7700 NEMCO WAY By BRIGHTON MI 48116-9442 | ||||||||||||||| ¶rtkqbly +4 Jury pe",
IV Brighton Valley - Electric 08.18.22 to 09.19.22 - DTE Energy (2).pdf,2,,,,48226-1221,,,,
Grand Village Assisted Living Gas 06.21.22 to 07.18.22 - DTE Energy.pdf,1,,9200 032 4598 1,9200 032 4598 1,49418-2457,DTE,,4845 1 AV 0.423 T019 ** 2 * P00 * * GRANDVILLE M07 *** ASSISTED AUTO ** 3939 44TH ST LIVING SW LLC GRANDVILLE MI 49418-2457 | po fx | kolelede | fdybakırdıl,Mail Payments to : DTE Energy P.O. Box 740786 Cincinnati OH 45274-0786
Grand Village Assisted Living Gas 06.21.22 to 07.18.22 - DTE Energy.pdf,2,,,,45274-0786,,,,
Glen Abbey Assisted Living Gas 07.12.22 to 08.10.22 - DTE Energy.pdf,1,$ 619.68,9200 031 8564 1,9200 031 8564 1,48187-4424,DTE,09/02/2022,22023 1 AB 0.458 ** T081 * 2 * P02 * M08 **** AUTO ** ALL FOR AADC 48 GLEN ABBEY ASSISTED LIVING LLC 445 N LOTZ RD CANTON MI 48187-4424 եելլոոելլկլեոլիթիլցելելլ,
Glen Abbey Assisted Living Gas 07.12.22 to 08.10.22 - DTE Energy.pdf,2,,,,48226-1221,,,,
Glen Abbey Assisted Living Electric 07.19.22 to 08.16.22 - DTE Energy.pdf,1,"$ 4,829.82",9100 387 7450 1,9100 387 7450 1,48187-4424,DTE,09/08/2022,445 N LOTZ RD CANTON MI 48187-4424 Ոլկիլլելեկել,
Glen Abbey Assisted Living Electric 07.19.22 to 08.16.22 - DTE Energy.pdf,2,,,,48226-1221,,,,
CorsoCare Pharmacy - Electric - DTE Energy.pdf,1,,9200 369 1373 8,9200 369 1373 8,48116-9458,DTE,,3158 1 AB 0.458 ** T014 * 2 * P01 * M11 **** AUTO ** ALL FOR AADC 481 CORSOCARE PHARMACY SERVICES LLC STE 200 7927 NEMCO WAY BRIGHTON MI 48116-9458 WWW | - || - | MW / rw / 4,
CorsoCare Pharmacy - Electric - DTE Energy.pdf,2,,,,45274-0786,,,,
CorsoCare Hospice - Electric - DTE Energy.pdf,1,$ 122.94,9100 356 5617 2,9100 356 5617 2,48661-1188,DTE,03/21/2022,"MICHIGAN PREMIER HOMECARE AND HOSPICE LLC STE B 312 E HOUGHTON AVE WEST BRANCH , MI 48661-1188",
CorsoCare Hospice - Electric - DTE Energy.pdf,2,,,,48226-1221,,,,
Common Sail Storage LLC - Electric - DTE Energy.pdf,1,,9200 230 3450 6,9200 230 3450 6,48116-9458,OPS,,Mail Payments to : DTE Energy P.O. Box 740786 Cincinnati OH 45274-0786,Mail Payments to : DTE Energy P.O. Box 740786 Cincinnati OH 45274-0786
Common Sail Storage LLC - Electric - DTE Energy.pdf,2,,,,48226-1221,,,,
Cascade Trails Senior Living - Gas 08.27.22 to 09.28.22 - DTE Energy.pdf,1,$ 961.47,9200 168 5288 0,9200 168 5288 0,49546-6304,DTE,10/21/2022,"CASCADE TRAILS ASSISTED LIVING 1225 SPAULDING AVE SE GRAND RAPIDS , MI 49546-6304",
Cascade Trails Senior Living - Gas 08.27.22 to 09.28.22 - DTE Energy.pdf,2,,,,48226-1221,,,,
Grandhaven Living Center Electric 08.09.22 to 09.13.22 - BWL - 3.pdf,1,,,,,,,,
Grandhaven Living Center Electric 08.09.22 to 09.13.22 - BWL - 3.pdf,2,,,,,,,,
Grandhaven Living Center Electric 08.09.22 to 09.13.22 - BWL - 3.pdf,3,,,,,,,,
SP Gahanna - Electric 08.04.22 to 09.01.22 - Direct Energy Business (2).pdf,1,,,,,,,,
SP Gahanna - Electric 08.04.22 to 09.01.22 - Direct Energy Business (2).pdf,2,,,,,,,,
SP Fort Wayne North - Water - City Utilities - 1.7.2023 to 2.4.2023.pdf,1,,,,,,,,
IV Avon - Electricity - Duke Energy - 12.03.22 to 1.04.23.pdf,1,,,,,,,,
IV Avon - Electricity - Duke Energy - 12.03.22 to 1.04.23.pdf,2,,,,,,,,
SP Gahanna - Electric 08.05.22 to 09.02.22 - American Electric Power (2).pdf,1,,,,,,,,
SP Gahanna - Electric 08.05.22 to 09.02.22 - American Electric Power (2).pdf,2,,,,,,,,
IV White Lake - Water - White Lake Twp Water Dept.pdf,1,,,,,,,,
IV Aurora Electric 08.08.22 to 09.07.22 - Constellation NewEnergy. Inc.pdf,1,,,,,,,,
IV Aurora Electric 08.08.22 to 09.07.22 - Constellation NewEnergy. Inc.pdf,2,,,,,,,,
IV Aurora Electric 08.08.22 to 09.07.22 - Constellation NewEnergy. Inc.pdf,3,,,,,,,,
IV Avon - Gas - 07.14.22 to 08.15.22 - CenterPoint Energy Ohio.pdf,1,,,,,,,,
Southwick - Electric - Eversource (1-5).pdf,1,$ 155.13,5416 390 7090,,01077-9212,Eversource,12/27/2022,000000922 006599 HYYMINKTY K GKS 1 SAW MILL PARK SOUTHWICK MA 01077-9212,"tall - Eversource PO Box 56005 MA Boston , 02205-6005"
Southwick - Electric - Eversource (1-5).pdf,2,,,,,,,,
Southwick - Electric - Eversource (1-5).pdf,3,,,,,,,,
Southwick - Electric - Eversource (1-5).pdf,4,,,,,,,,
Southwick - Electric - Eversource (1-5).pdf,5,,,,,,,,
Southwick - Electric - Eversource (1-5).pdf,6,,,,,,,,
Southwick - Electric - Eversource (1-5).pdf,7,,,,,,,,
Southwick - Electric - Eversource (1-5).pdf,8,,,,,,,,
Southwick - Electric - Eversource (1-5).pdf,9,,,,,,,,
Southwick - Electric - Eversource (1-5).pdf,10,,,,,,,,
Southwick - Electric - Eversource (1-5).pdf,11,,,,,,,,
Southwick - Electric - Eversource (1-5).pdf,12,,,,,,,,
Southwick - Electric - Eversource (1-5).pdf,13,,,,,,,,
Southwick - Electric - Eversource (1-5).pdf,14,,,,,,,,
Southwick - Electric - Eversource (1-5).pdf,15,,,,,,,,
IV Avon Lake - Gas - Columbia Gas of Ohio - 12.16.22 to 01.19.23.pdf,1,"$ 12,771.11",15997536 004 000 6,,60197-4629,,02/07/2023,Your Contact Information : 345 Lear Rd Avon Lake OH 44012-2096,Make check payable to : COLUMBIA GAS PO BOX 4629 CAROL STREAM IL 60197-4629 WallyBa | d4 | k | o4 | 4 | hlari
IV Avon Lake - Gas - Columbia Gas of Ohio - 12.16.22 to 01.19.23.pdf,2,,,,,,,,
"Arbor Grove Assisted Living II, LLC Electric & Gas 08.29.22 to 09.27.22 - Consumers Energy - 3.pdf",1,,,,48801-1243,,,ARBOR GROVE ASSISTED 1320 PINE AVE LIVING ALMA MI 48801-1243,
"Arbor Grove Assisted Living II, LLC Electric & Gas 08.29.22 to 09.27.22 - Consumers Energy - 3.pdf",2,,,,,,,,
Springvale Assisted Living Electric & Gas 08.21.22 to 09.20.22 - Consumers Energy.pdf,1,,1030 2788 8272,,48473-1625,,,SPRING VALE ASSISTED LIVING LLC 4276 KROGER DR SWARTZ CREEK MI 48473-1625,PO BOX 740309 CINCINNATI OH 45274-0309
Springvale Assisted Living Electric & Gas 08.21.22 to 09.20.22 - Consumers Energy.pdf,2,,,,,,,,
Senior Living Devonshire Electric 07.28.22 to 08.26.22 - DTE Energy - 14.pdf,1,,9100 244 1753 7,,49512-2065,DTE,,136 1 SP 0.530T001 * 1 * P00 * M08 ************** SINGLE - PIECE DEVONSHIRE RETIREMENT VILLAGE LLC STE 200 3196 KRAFT AVE SE GRAND RAPIDS MI 49512-2065 T¶MuralMrhildc | 4p | [ / 4 / qlding |,Mail Payments to : DTE Energy P.O. Box 740786 OH Cincinnati 45274-0786
Senior Living Devonshire Electric 07.28.22 to 08.26.22 - DTE Energy - 14.pdf,2,,,,48226-1221,,,,
Cascade Trails Senior Living - Gas 08.27.22 to 09.23.22 - DTE Energy - 2.pdf,1,$ 273.17,9200 374 8059 6,9200 374 8059 6,49546-6304,DTE,10/19/2022,42516 1 AV 0.423T156 2 P00 * * M09 ******* AUTO ** 5 - CASCADE DIGIT TRAILS ASSISTED 4954 LIVING 1225 SPAULDING AVE SE GRAND RAPIDS MI 49546-6304 |||||||||||||||||||||,
Cascade Trails Senior Living - Gas 08.27.22 to 09.23.22 - DTE Energy - 2.pdf,2,,,,48226-1221,,,,"If You Smell Natural Gas and DTE Gas Company is Your Natural Gas Provider , Call 800.947.5000 If the odor is strong , leave the building immediately . Do not use electric switches or an open flame . Open doors and windows . If Your Electricity Goes Out Check your fuses or circuit breakers then see if your neighbors ' , lights are on . To report an outage or fallen power line , contact your electric company . DTE Electric Company customers , call 800.477.4747 or visit dteenergy.com from a location that has power . Stay at least 20 feet away from a fallen power line and anything it's touching , including metal fences and puddles . Energy Theft is illegal & dangerous Confidentially report suspected tampering by calling our theft hotline at 800.441.6698 . For More Information For more information on your bill or alternative payment methods , call 800.477.4747 , visit Energy One Energy Plaza Detroit MI 48226-1221 before the due date dteenergy.com , or write to DTE , , , . DTE Electric and DTE Cas Company are Energy subsidiaries are regulated by the Public Service , Lansing , Michigan Company DTE and Michigan Commission ."
